id,description,amount,currency,date
1,enhance B2B paradigms,248.72,usd,2024-04-02
2,expedite cross-platform solutions,431.21,eur,2024-04-05
3,optimize back-end functionalities,133.89,gbp,2024-04-01
4,transition dynamic systems,315.10,usd,2024-04-03
5,distribute open-source methodologies,299.62,jpy,2024-04-02
6,synergize global infrastructures,82.13,usd,2024-04-04
7,generate innovative solutions,413.77,eur,2024-04-05
8,implement cutting-edge technologies,215.54,gbp,2024-04-01
9,engage scalable frameworks,298.90,usd,2024-04-03
10,build bleeding-edge portals,369.41,jpy,2024-04-02
11,optimize virtualized paradigms,142.57,usd,2024-04-01
12,monetize user-centric initiatives,206.68,eur,2024-04-05
13,streamline holistic experiences,320.40,gbp,2024-04-03
14,expedite best-of-breed solutions,182.13,jpy,2024-04-01
15,leverage agile methodologies,124.51,usd,2024-04-04
16,scale out viral partnerships,409.65,eur,2024-04-05
17,aggregate rich metrics,302.58,gbp,2024-04-02
18,empower dynamic technologies,198.92,jpy,2024-04-01
19,engineer cloud-based services,178.15,usd,2024-04-02
20,converge high-performance teams,126.37,eur,2024-04-04
21,innovate frictionless systems,359.14,gbp,2024-04-03
22,facilitate vertical networks,227.90,jpy,2024-04-05
23,transition digital ecosystems,366.28,usd,2024-04-01
24,leverage bleeding-edge initiatives,238.72,eur,2024-04-04
25,optimize cutting-edge synergies,495.76,gbp,2024-04-02
26,synthesize web-enabled applications,105.58,jpy,2024-04-05
27,integrate high-touch services,267.47,usd,2024-04-03
28,facilitate seamless solutions,323.85,eur,2024-04-01
29,transform leading-edge methodologies,118.31,gbp,2024-04-05
30,deliver cross-channel experiences,345.60,jpy,2024-04-02